サンプルリスティング,https://sem-labo.net/blog/2009/12/05/0235/
小綿商店,https://tabelog.com/iwate/A0301/A030101/3007449/
サンプルリスティング,https://sem-labo.net/blog/2009/12/05/0235/
小綿商店,https://tabelog.com/iwate/A0301/A030101/3007449/
SoRa cafe feat.waffle cafe Sign,https://tabelog.com/iwate/A0301/A030101/3009258/
ヴィラ・パッパーレ,https://tabelog.com/iwate/A0301/A030101/3007041/
おにぎりのころりん,https://tabelog.com/iwate/A0301/A030101/3010623/
芳来,https://tabelog.com/iwate/A0301/A030101/3004353/
ももどり伝説,https://tabelog.com/iwate/A0301/A030101/3001011/
Cubano Bar「Meeats」〜クバーノ バル ミーツ,https://tabelog.com/iwate/A0301/A030101/3011023/
まるまつ,https://tabelog.com/grouplst/G02002/
Vegetus,https://tabelog.com/iwate/A0301/A030101/3009608/
スリーブラザーズピザ,https://tabelog.com/iwate/A0301/A030101/3010113/
桜茶寮,https://tabelog.com/iwate/A0301/A030101/3010140/
サリサリカリー盛岡,https://tabelog.com/iwate/A0301/A030101/3010239/
焼肉レストラン米内,https://tabelog.com/iwate/A0301/A030101/3000013/
かごのめ,https://tabelog.com/iwate/A0301/A030101/3010000/
たかみ屋,https://tabelog.com/iwate/A0301/A030101/3000016/
レストランユキノヤ,https://tabelog.com/iwate/A0301/A030101/3003410/
つぼ半,https://tabelog.com/iwate/A0301/A030101/3000296/
ロブフォートンズ 盛岡店,https://tabelog.com/iwate/A0301/A030101/3010866/
Cafe&Bar Calm -カーム-,"https://www.google.co.jp/search?q=Cafe&npsic=0&rflfq=1&rldoc=1&rlha=0&rllag=39701869,141158348,365&tbm=lcl&sa=X&ved=2ahUKEwjQrvKYm4HpAhULCqYKHboqBboQtgN6BAgMEAQ"
サンプルリスティング,https://tabelog.com/iwate/C3201/rstLst/
小綿商店,https://tabelog.com/iwate/A0301/A030101/3007449/
SoRa cafe feat.waffle cafe Sign,https://tabelog.com/iwate/A0301/A030101/3009258/
ヴィラ・パッパーレ,https://tabelog.com/iwate/A0301/A030101/3007041/
おにぎりのころりん,https://tabelog.com/iwate/A0301/A030101/3010623/
芳来,https://tabelog.com/iwate/A0301/A030101/3004353/
ももどり伝説,https://tabelog.com/iwate/A0301/A030101/3001011/
Cubano Bar「Meeats」〜クバーノ バル ミーツ,https://tabelog.com/iwate/A0301/A030101/3011023/
まるまつ,https://tabelog.com/iwate/A0301/A030101/3006454/
Vegetus,https://tabelog.com/iwate/A0301/A030101/3009608/
スリーブラザーズピザ,https://tabelog.com/iwate/A0301/A030101/3010113/
桜茶寮,https://tabelog.com/iwate/A0301/A030101/3010140/
サリサリカリー盛岡,https://tabelog.com/iwate/A0301/A030101/3010239/
焼肉レストラン米内,https://tabelog.com/iwate/A0301/A030101/3000013/
かごのめ,https://tabelog.com/iwate/A0301/A030101/3010000/
たかみ屋,https://tabelog.com/iwate/A0301/A030101/3000016/
レストランユキノヤ,https://tabelog.com/iwate/A0301/A030101/3003410/
つぼ半,https://tabelog.com/iwate/A0301/A030101/3000296/
ロブフォートンズ 盛岡店,https://tabelog.com/iwate/A0301/A030101/3010866/
Cafe&Bar Calm -カーム-,"https://www.google.co.jp/search?q=%E7%9B%9B%E5%B2%A1%E5%B8%82+Cafe&npsic=0&rflfq=1&rldoc=1&rlha=0&rllag=39703455,141150689,647&tbm=lcl&sa=X&ved=2ahUKEwj1rMP2m4HpAhWWHXAKHb33DDYQtgN6BAgLEAQ"
BuonO BuonO,https://tabelog.com/iwate/A0301/A030101/3005195/
玉山支所前食堂,https://tabelog.com/iwate/A0301/A030101/3000651/
そば処 東家 本店,https://tabelog.com/iwate/A0301/A030101/3000030/
そば処 東家 大手先店,https://tabelog.com/iwate/A0301/A030101/3000036/
そば処 東家 駅前店,https://tabelog.com/iwate/A0301/A030101/3000030/
Cafe RHINO,https://tabelog.com/iwate/A0301/A030101/3007225/
トレンタ月が丘店,https://tabelog.com/iwate/A0301/A030101/3002458/
唐揚げ みたけ,https://tabelog.com/iwate/A0301/A030101/3010754/
Spice Rack-スパイスラック-,https://tabelog.com/iwate/A0301/A030101/3010979/
muramatsuri,https://tabelog.com/iwate/A0301/A030101/3005478/
焼鳥たかこう,https://tabelog.com/iwate/A0301/A030101/3001620/
からあげ専門 まつむら商店 月が丘店,https://tabelog.com/iwate/A0301/A030101/3010724/
鳥園,https://tabelog.com/iwate/A0301/A030101/3004426/
アンノン,https://tabelog.com/iwate/A0301/A030101/3005189/
小泉精肉店（有）,https://tabelog.com/iwate/A0301/A030101/3005974/
とんかつ むら八 上田店,https://tabelog.com/iwate/A0301/A030101/3000519/
丼丸,https://tabelog.com/iwate/A0301/A030101/3009693/
里伊,https://tabelog.com/iwate/A0301/A030101/3008656/
いなだ珈琲舎,https://tabelog.com/iwate/A0301/A030101/3008512/
ワイン酒場 こてぃ,https://tabelog.com/iwate/A0301/A030101/3010673/
BLANC -ブラン- BISTRO FRENCH,https://tabelog.com/iwate/A0301/A030101/3008925/
遠野食肉センター 盛岡木伏店,https://tabelog.com/iwate/A0301/A030101/3010841/
炭火やきとり 備長屋 盛岡,https://tabelog.com/iwate/A0301/A030101/3000210/
Nagasawa COFFEE,https://tabelog.com/iwate/A0301/A030101/3006887/
ごはん家あっちゃん,https://tabelog.com/iwate/A0301/A030101/3010711/
ふじやからあげ店 盛岡店,https://tabelog.com/iwate/A0301/A030101/3007830/
にわ・とりのすけ 盛岡大通本店,https://tabelog.com/iwate/A0301/A030101/3007224/
三寿司菜園総本店,https://tabelog.com/iwate/A0301/A030101/3000015/
Mi Cafeto盛岡店,https://tabelog.com/iwate/A0301/A030101/3008330/
菜園マイクロブルワリー with Kitchen,https://tabelog.com/iwate/A0301/A030101/3000957/
ビアベースベアレン盛岡駅前,https://tabelog.com/iwate/A0301/A030101/3011019/
牛たん炭火焼 仁 盛岡分店,https://tabelog.com/iwate/A0301/A030101/3009272/
かわ広,https://tabelog.com/iwate/A0301/A030101/3000163/
中華料理餃子の店 白乾児,https://tabelog.com/iwate/A0301/A030101/3000547/
蕎麦将軍,https://tabelog.com/iwate/A0301/A030101/3010912/
坂本工房 盛岡店,https://tabelog.com/iwate/A0301/A030101/3008076/
タージインドカレー,https://tabelog.com/iwate/A0301/A030101/3008721/
中華料理・八仙閣,https://tabelog.com/iwate/A0301/A030101/3005627/
鴻運台湾料理,https://tabelog.com/iwate/A0301/A030101/3006920/
NIRVANA 大通本店,https://tabelog.com/iwate/A0301/A030101/3004222/
カフェ・ピッツェリア ヴィラ玉山,https://tabelog.com/iwate/A0301/A030101/3000265/
源喜屋盛岡店,https://tabelog.com/iwate/A0301/A030101/3004766/
洋風酒場 コムソワ,https://tabelog.com/iwate/A0301/A030101/3005391/
盛岡洋食りんご屋,https://tabelog.com/iwate/A0301/A030101/3000856/
クロスヒート,https://tabelog.com/iwate/A0301/A030101/3004631/
じゃじゃめん家 羽琉,https://tabelog.com/iwate/A0301/A030101/3008505/
ステーキ＆グリル MARU3,https://tabelog.com/iwate/A0301/A030101/3009695/
Naïf(ナイーフ),https://tabelog.com/iwate/A0301/A030101/3010692/
駅前炭串屋とりぼん 盛岡駅前店,https://tabelog.com/iwate/A0301/A030101/3000423/
イタリアン酒場サルーテ,https://tabelog.com/iwate/A0301/A030101/3004651/
じゃじゃ麺と酒の肴 㐂作,https://tabelog.com/iwate/A0301/A030101/3001137/
めんくい屋,https://tabelog.com/iwate/A0301/A030101/3000158/
ハンバーグレストラン ベル大通店,https://tabelog.com/iwate/A0301/A030101/3000238/
513(go-ichi-san),https://tabelog.com/iwate/A0301/A030101/3008227/
ぴょんぴょん舎 稲荷町本店,https://tabelog.com/iwate/A0301/A030101/3000008/
九州酒場 ◯九 (マルキュウ),https://tabelog.com/iwate/A0301/A030101/3009505/
盛岡じゃじゃ麺ちーたん,https://tabelog.com/iwate/A0301/A030101/3001147/
ましまし04,https://tabelog.com/iwate/A0301/A030101/3009212/
ちゃんこ太五郎,https://tabelog.com/iwate/A0301/A030101/3005809/
ピッツェリア・ジャルディーノ,https://tabelog.com/iwate/A0301/A030101/3007184/
に干し屋 SINCHAN,https://s.tabelog.com/iwate/A0301/A030101/3009605/
il compleanno,https://tabelog.com/iwate/A0301/A030101/3009897/
わかんたんか,https://tabelog.com/iwate/A0301/A030101/3006116/
シャトン,https://tabelog.com/iwate/A0301/A030101/3000029/
じゃじゃめん家羽琉 シネマ横丁店,https://tabelog.com/iwate/A0301/A030101/3010291/
プラッサッジョ,https://tabelog.com/iwate/A0301/A030101/3009068/
カフェ＆デリカ ピエロ,https://tabelog.com/iwate/A0301/A030101/3010761/
ＳｗｅｅｔｓＣａｆｅしゅくる,https://tabelog.com/iwate/A0301/A030101/3000340/
HaRaPeKo dining ぐりる,https://tabelog.com/iwate/A0301/A030101/3007855/
Chinese晴菜,https://tabelog.com/iwate/A0301/A030101/3007156/
遊食屋 FUJI,https://tabelog.com/iwate/A0301/A030101/3000208/
Wine Restaurant TAKU（ワインレストランタク）,https://tabelog.com/iwate/A0301/A030101/3007601/
ワインバー アッカトーネ,https://tabelog.com/iwate/A0301/A030101/rstLst/BC04/
fu-dao,https://tabelog.com/iwate/C3201/rstLst/
すっぱい林檎の専門店。,https://tabelog.com/keywords/%E3%82%A2%E3%83%83%E3%83%97%E3%83%AB%E3%83%91%E3%82%A4/iwate/C3201/kwdLst/2/?srchTg=2
福田パン 長田町本店,https://tabelog.com/iwate/A0301/A030101/3001022/
福田パン みたけ店,https://tabelog.com/iwate/A0301/A030101/3010425/
アトリエ・ブール・ドゥ・ネージュ緑が丘店,https://tabelog.com/iwate/A0301/A030101/3004716/
saveur,https://tabelog.com/iwate/A0301/A030101/3006226/
ちひろ菓子工房,https://tabelog.com/iwate/A0301/A030101/3009530/
ブーランジュリーレジュイール,https://tabelog.com/iwate/A0301/A030101/3005964/
チーズケーキのチロル大通店,https://tabelog.com/iwate/A0301/A030101/3000140/
パン工房たなか,https://tabelog.com/iwate/A0301/A030101/3001253/
Threebread,https://tabelog.com/iwate/A0301/A030101/3010953/
コシニール ベーカリーカフェ MORIOKA TSUTAYA店,https://tabelog.com/iwate/A0301/A030101/3009182/
Mom's Oven,https://tabelog.com/iwate/A0301/A030101/3007432/
穀,https://tabelog.com/iwate/A0301/A030101/3004399/
OOD,https://tabelog.com/iwate/A0301/A030101/3008741/
ラ・クローネ,https://tabelog.com/iwate/A0301/A030101/3010752/
American Cafe DENVERS × SABO,https://tabelog.com/iwate/A0301/A030104/3009835/
とんかつ あけと,https://tabelog.com/iwate/A0301/A030104/3010720/
丹市パン,https://tabelog.com/iwate/A0305/A030502/3003488/
萬福食堂,https://tabelog.com/iwate/A0303/A030302/3001422/
海鮮丼 十六家,https://tabelog.com/iwate/A0301/A030101/3009770/
枕流亭,https://tabelog.com/iwate/A0302/A030202/3000403/
つぼ八 北上店,https://tabelog.com/iwate/A0302/A030202/3002117/
鈴木屋,https://tabelog.com/iwate/A0302/A030202/3002649/
マウンティー,https://tabelog.com/iwate/A0302/A030202/3001096/
隠家 北上店,https://tabelog.com/iwate/A0302/A030202/3007678/
焼肉DINING まるぎゅう,https://tabelog.com/iwate/A0302/A030202/3009868/
花蓮 北上店,https://tabelog.com/iwate/A0302/A030202/3001513/
割烹 弁天,https://tabelog.com/iwate/A0302/A030202/3000168/
Reppi,https://tabelog.com/iwate/A0302/A030202/3006318/
深山亭,https://tabelog.com/iwate/A0302/A030202/3007871/
キタカミ酒場 誠屋,https://tabelog.com/iwate/A0302/A030202/3009675/
リストランテ トレモロ,https://tabelog.com/iwate/A0302/A030202/3009413/
マンボーズ,https://tabelog.com/iwate/A0302/A030202/3005633/
なんばん屋,https://tabelog.com/iwate/A0302/A030202/3002832/
展勝地レストハウス,https://tabelog.com/iwate/A0302/A030202/3007165/
更科,https://tabelog.com/iwate/A0302/A030202/3003519/
いきなり！ステーキ　岩手北上店,https://tabelog.com/iwate/A0302/A030202/3010664/
くるまやラーメン　北上店,https://tabelog.com/iwate/A0302/A030202/3005908/
ﾌﾟﾗﾈ&ｱｺｰｽﾃｨｯｸｽﾃｰｼﾞ1/f,https://www.plane-and-acoustic-stage.com/
CAFE WILLOWS,https://tabelog.com/cafe/iwate/A0302/A030202/rank/
TankoTonko,https://tabelog.com/iwate/A0302/A030202/3010782/
東南屋,https://tabelog.com/iwate/A0302/A030202/3010138/
菊寿し,https://tabelog.com/iwate/A0302/A030202/3001987/
ときよじせつONODERA,https://tabelog.com/iwate/A0302/A030202/3010046/
和かな北上店,https://tabelog.com/iwate/A0302/A030202/3001144/
ハックルベリー,https://tabelog.com/iwate/A0302/A030202/3001030/
大阪屋,https://tabelog.com/iwate/A0302/A030202/3003637/
味工房ゆず,https://tabelog.com/iwate/A0302/A030202/3001170/
yoppi食堂,https://tabelog.com/iwate/A0302/A030202/3010402/
焼肉ヤマト北上店,https://s.tabelog.com/iwate/A0302/A030202/3000642/
炭処 賛美,https://tabelog.com/iwate/A0302/A030202/3009394/
すしグルメ北上店,https://tabelog.com/iwate/A0302/A030202/3004776/
ギョウザト,https://tabelog.com/iwate/A0302/A030202/3010232/
レストラン＆カフェ ステーキ ブルズ,https://tabelog.com/iwate/A0302/A030202/3010157/
カフェ ポンシャ,https://tabelog.com/iwate/A0302/A030202/3002364/
キッチンバル コネクト,https://tabelog.com/iwate/A0302/A030202/3009524/
北上酒場 とりあえず源,https://tabelog.com/iwate/A0302/A030202/3009796/
アトランタカフェ,https://tabelog.com/iwate/A0302/A030202/3004301/
マキシム,https://tabelog.com/iwate/A0302/A030202/3004090/
味噌家がんこ亭,https://tabelog.com/iwate/A0302/A030202/3000641/
ASIAN BLU,https://tabelog.com/iwate/A0302/A030202/3010976/
焼肉おばら家,https://tabelog.com/iwate/A0302/A030202/3001666/
旅する小人,https://tabelog.com/iwate/A0302/A030202/3007355/
豊八,https://tabelog.com/iwate/A0302/A030202/3003696/
結,https://tabelog.com/iwate/A0302/A030202/3008102/
大衆酒場 わいわい家,https://tabelog.com/iwate/A0302/A030202/3011046/
O’bar,https://tabelog.com/iwate/A0302/A030202/3004929/dtlphotolst/?PG=1&smp=2&srt=normal&sby=D
和食処 きくすい 北上店,https://tabelog.com/iwate/A0302/A030202/3001192/
十割そば会 北上店,https://tabelog.com/iwate/A0302/A030202/3009208/
マルカンビル大食堂,https://tabelog.com/iwate/A0302/A030201/3009561/
The Roast,https://tabelog.com/iwate/A0302/A030201/3010785/
Lit work place,https://tabelog.com/iwate/A0302/A030201/3010781/
JOE'S LOUNGE,https://tabelog.com/iwate/A0302/A030201/3008868/
日和佐,https://tabelog.com/iwate/A0302/A030201/3001800/
嘉司屋,https://tabelog.com/iwate/A0302/A030201/3000118/
ココ・タベルバ・ラパン,https://tabelog.com/iwate/A0302/A030201/3010705/
カレーだJ,https://tabelog.com/iwate/A0302/A030201/3011029/
はいからや（ＨＡＩＫＡＲＡ−ＹＡ）,https://tabelog.com/iwate/A0302/A030201/3000463/
石窯PIZZAバル四季,https://tabelog.com/iwate/A0302/A030201/3004160/
HANAMAKIモダンチャイニーズ蓮Ren,https://tabelog.com/iwate/A0302/A030201/3010326/
いしどりや 新亀家,https://tabelog.com/iwate/A0302/A030204/3003123/
たいまぐら食堂,https://tabelog.com/iwate/C3205/C10785/rstLst/
インド&ネパール料理 インドカレー パナス,https://tabelog.com/iwate/A0302/A030201/3010307/
ポパイ,https://tabelog.com/iwate/A0302/A030201/3000842/
すし処 えにし,https://tabelog.com/iwate/A0302/A030201/3010978/
東和温泉,https://tabelog.com/iwate/A0302/A030204/3009415/
Sobe’s Cafe,https://tabelog.com/iwate/A0302/A030201/3000531/
おやつショップたこ助,https://tabelog.com/iwate/A0302/A030201/3001652/
まるまつ 花巻店,https://tabelog.com/iwate/A0302/A030201/3006994/
源喜屋,https://tabelog.com/iwate/A0302/A030201/3000977/
孝和園,https://tabelog.com/iwate/A0302/A030204/3005886/
とり一,https://tabelog.com/iwate/A0302/A030201/3001580/
御宿玉川,https://tabelog.com/iwate/A0302/A030201/3006446/
居酒屋 呑兵衛,https://tabelog.com/iwate/A0302/A030201/3010408/
イル・クオーレ,https://tabelog.com/iwate/A0302/A030201/3000825/
早池峰,https://tabelog.com/iwate/A0302/A030201/3003622/
かぐら,https://tabelog.com/iwate/A0302/A030201/3004527/
焼肉・冷麺ヤマト 花巻店,https://tabelog.com/iwate/A0302/A030201/3008480/
Ｌｅｇａｍｅ,https://tabelog.com/iwate/A0302/A030201/3006890/
アルテマルカン 桜台店,https://tabelog.com/iwate/A0302/A030201/3008482/
クラムボン,https://tabelog.com/iwate/A0302/A030201/3002375/
わいわい屋,https://tabelog.com/iwate/A0302/A030201/3004132/
きのえね寿司,https://tabelog.com/iwate/A0302/A030201/3000602/
中国料理 神龍,https://tabelog.com/iwate/A0302/A030201/3010301/
鮨・季節料理ささき,https://tabelog.com/iwate/A0304/A030403/3009719/
神菜月,https://tabelog.com/iwate/A0304/A030403/3006641/
オオフナトのケムリ,https://tabelog.com/iwate/A0304/A030403/3009780/
貝だしラーメン黒船Second,https://tabelog.com/iwate/A0304/A030403/3009631/
RACCOS BURGER OFUNATO(KESEN ROCK FREAKS),https://tabelog.com/iwate/A0304/A030403/3008215/
Noi Mare,https://tabelog.com/iwate/A0304/A030403/3008101/
海山酒場,https://tabelog.com/iwate/A0304/A030403/3000110/
湾岸食堂,https://tabelog.com/iwate/A0304/A030403/3009061/
三陸おさかな ファクトリー,https://tabelog.com/iwate/A0304/A030403/3009641/
Hy's Cafe ハイズカフェ,https://tabelog.com/iwate/A0304/A030403/3008893/
北の味処 鰣不知（ときしらず）,https://s.tabelog.com/iwate/A0304/A030403/3009842/
Bobbers,https://tabelog.com/iwate/A0304/A030403/3010107/
西苑飯店,https://tabelog.com/iwate/A0304/A030403/3009807/
居酒屋 成功丸,https://tabelog.com/iwate/A0304/A030403/3009939/
くいもんや わい,https://tabelog.com/iwate/A0304/A030403/3010153/
Cafe de Curry KOJIKA,https://tabelog.com/iwate/A0304/A030403/3008457/
カフェ フラミンゴ,https://tabelog.com/iwate/A0301/A030103/3008211/
ばぁばキッチン,https://tabelog.com/okayama/A3301/A330101/33014447/
チャリカフェ（内金崎自転車商会）,"https://www.google.co.jp/search?q=%E4%B8%8A%E9%96%89%E4%BC%8A%E9%83%A1%E5%A4%A7%E6%A7%8C%E7%94%BA+%E3%83%81%E3%83%A3%E3%83%AA%E3%82%AB%E3%83%95%E3%82%A7%EF%BC%88%E5%86%85%E9%87%91%E5%B4%8E%E8%87%AA%E8%BB%A2%E8%BB%8A%E5%95%86%E4%BC%9A%EF%BC%89+%E9%A3%9F%E3%81%B9%E3%83%AD%E3%82%B0&npsic=0&rflfq=1&rldoc=1&rlha=0&rllag=39359323,141904571,15&tbm=lcl&sa=X&ved=2ahUKEwj_8I-yoIHpAhVW_GEKHb_lAhMQtgN6BAgLEAQ"
どんりゅう庵,https://tabelog.com/iwate/A0304/A030402/3006811/
ホテルサンルート釜石,https://tabelog.com/iwate/A0304/A030402/3006939/
（株）新華園 本店,https://tabelog.com/iwate/A0304/A030402/3005938/
なにわや,https://tabelog.com/iwate/A0304/A030402/3010716/
マルワマート 大町店,https://tabelog.com/iwate/C3211/C11218/rstLst/
大正軒,https://tabelog.com/iwate/A0304/A030402/3010276/
ベック Bec'k,https://tabelog.com/iwate/A0304/A030402/3010005/
ＴＯＫＵＺＯ,https://tabelog.com/iwate/A0304/A030402/3009784/
釜石ラーメン 大連,https://tabelog.com/iwate/A0304/A030402/3009128/
回転ずし ずいほう,https://tabelog.com/iwate/A0304/A030402/3009762/
料亭 幸楼,https://tabelog.com/iwate/A0304/A030402/3001915/
和の膳みや川,https://tabelog.com/iwate/A0304/A030402/3003746/
新来軒,https://tabelog.com/iwate/A0304/A030402/3007104/
あゆとく,https://tabelog.com/iwate/A0304/A030402/3004653/
釜石・更科,https://tabelog.com/iwate/A0304/A030402/3001843/
よつばや,https://tabelog.com/iwate/C3211/C11221/rstLst/
パンの国,https://tabelog.com/iwate/A0304/A030402/3008616/
古川食堂,https://tabelog.com/iwate/A0304/A030402/3010834/
沢口製パン,https://tabelog.com/iwate/A0304/A030402/3007079/
あんでるせん,https://tabelog.com/iwate/A0304/A030402/3006683/
ほっかほっか亭 釜石新町店,https://tabelog.com/iwate/A0304/A030402/3007776/
かまどや 大渡店,https://tabelog.com/iwate/A0304/A030402/3007694/
かっぱ寿司 釜石店,https://tabelog.com/iwate/A0304/A030402/3007550/
大戸屋ごはん処 イオンタウン釜石店,https://tabelog.com/iwate/A0304/A030402/3007546/
吉野家 イオンタウン釜石店,https://tabelog.com/iwate/A0304/A030402/3009025/
ペッパーランチ イオンタウン釜石店,https://tabelog.com/iwate/A0304/A030402/3007979/
まるまつ 釜石店,https://tabelog.com/iwate/A0304/A030402/3006030/
モスバーガー イオンタウン釜石店,https://tabelog.com/iwate/A0304/A030402/3007545/
ミスタードーナツイオンタウン釜石ショップ,https://tabelog.com/iwate/A0304/A030402/3007604/
まきば,https://tabelog.com/iwate/A0304/A030402/3002420/
ＨＡＭＡＹＵＩ（一時休業中）,https://tabelog.com/iwate/A0304/A030402/3007325/
三陸ぱすた（一時休業中）,https://tabelog.com/iwate/A0304/A030402/3009922/
カフェ＆バル・ルポゼ,https://tabelog.com/iwate/A0304/A030403/3008237/
THE BURGER HEARTS,https://tabelog.com/iwate/A0304/A030403/3005292/
海鮮壱番,https://tabelog.com/iwate/A0304/A030403/3001983/
モスバーガー 大船渡店,https://tabelog.com/iwate/A0304/A030403/3006232/
すき家 大船渡赤崎店,https://tabelog.com/iwate/A0304/A030403/3007505/
吉野家×はなまるうどん 大船渡店,https://tabelog.com/iwate/A0304/A030403/3010574/
ジェイ・ピザクラブ 大船渡店,"https://www.google.co.jp/search?q=%E5%A4%A7%E8%88%B9%E6%B8%A1%E5%B8%82+%E3%82%B8%E3%82%A7%E3%82%A4%E3%83%BB%E3%83%94%E3%82%B6%E3%82%AF%E3%83%A9%E3%83%96+%E5%A4%A7%E8%88%B9%E6%B8%A1%E5%BA%97+%E9%A3%9F%E3%81%B9%E3%83%AD%E3%82%B0&npsic=0&rflfq=1&rldoc=1&rlha=0&rllag=39061120,141716670,183&tbm=lcl&sa=X&ved=2ahUKEwjsu_iioYHpAhWFBogKHb7nBKMQtgN6BAgLEAQ"
キャッセン 大船渡,https://tabelog.com/iwate/A0304/A030403/3009639/
KESEN ROCK FREAKS,https://tabelog.com/iwate/A0304/A030403/3008215/
おいもの日,https://tabelog.com/iwate/C3210/rstLst/
東京屋カフェ,https://tabelog.com/iwate/A0304/A030403/3010039/
中華食堂 熊谷,https://tabelog.com/iwate/A0304/A030403/3009949/
和笑輪,https://tabelog.com/iwate/C3210/rstLst/cond14-00-00/
カフェフードバーわいわい,https://s.tabelog.com/iwate/A0304/A030403/3007960/
和食味彩,https://tabelog.com/iwate/A0304/A030403/3009997/
居酒屋 膳 陸前高田店,https://tabelog.com/iwate/A0304/A030403/3009637/
熊谷珈琲店,https://tabelog.com/iwate/A0304/A030403/3009898/
PECHKA Cafe & Library,https://www.life-with-pechka.com/
公友館俺っ家,https://tabelog.com/iwate/A0304/A030403/3009736/
鶴亀鮨,https://tabelog.com/iwate/A0304/A030403/3002045/
カレーとてづくりおやつ フライパン,https://tabelog.com/iwate/A0304/A030403/3007941/
焼肉 のろし,https://tabelog.com/iwate/A0304/A030403/3007718/
みつわ飯店,https://tabelog.com/iwate/A0304/A030403/3010175/
四海楼,https://tabelog.com/iwate/A0304/A030403/3006904/
かき小屋広田湾,https://tabelog.com/iwate/A0304/A030403/3007937/
食堂カフェ仙華園×クレープ仙華園,https://tabelog.com/iwate/A0304/A030403/3009370/
カフェ ミュー,https://tabelog.com/iwate/C3210/rstLst/
三陸味処三五十,https://tabelog.com/iwate/A0304/A030401/3004413/
和海味処 いっぷく,https://tabelog.com/iwate/A0304/A030401/3009023/
竹松や,https://tabelog.com/iwate/A0304/A030401/3007280/
梅乃家,https://tabelog.com/iwate/A0304/A030401/3007969/
うみねこ温泉 湯らっくす,https://tabelog.com/iwate/A0304/A030401/3010339/
魚河岸,https://tabelog.com/iwate/A0304/A030401/3008077/
居酒屋・寿司ささき,https://tabelog.com/iwate/A0304/A030401/3003837/
グルメハウスシンコー,https://tabelog.com/iwate/A0304/A030401/3004032/
カフェ温心～On Heart～,https://tabelog.com/iwate/A0304/A030401/3010327/
Cafeすとぅーぱ,https://tabelog.com/iwate/C3202/rstLst/CC02/
浄土ヶ浜旅館 / 味処海舟,https://tabelog.com/iwate/A0304/A030401/3007133/
ごち,https://tabelog.com/iwate/A0304/A030401/3010366/
ダイニングバーｕｍｅＹａｓｕ,https://tabelog.com/iwate/C3202/rstLst/izakaya/
和La伊,https://tabelog.com/iwate/A0304/A030401/3008397/
串カツ とんとん,https://tabelog.com/iwate/A0304/A030401/3009472/
ラターシュ,https://tabelog.com/iwate/A0304/A030401/3005455/
（有）丸徳,https://tabelog.com/iwate/A0304/A030401/3010218/
永同園,https://tabelog.com/iwate/A0304/A030401/3001793/
焼肉居酒家よんどん,https://tabelog.com/iwate/A0304/A030401/3010538/
焼肉 永同園 大通り支店(旧穴蔵が名称変更),https://tabelog.com/iwate/A0304/A030401/3001793/
トマト＆オニオン 宮古店,https://tabelog.com/iwate/A0304/A030401/3001045/
大戸屋ごはん処 岩手宮古店,https://tabelog.com/iwate/A0304/A030401/3001046/
大衆わいん酒場 のらくら,https://tabelog.com/iwate/A0304/A030401/3009192/
若尾寿司,https://tabelog.com/iwate/A0304/A030401/3002004/
（有）蛇の目 本店,https://tabelog.com/iwate/A0304/A030401/3000004/
おかめ,https://tabelog.com/iwate/A0304/A030401/3004468/
鳥もと,https://tabelog.com/iwate/A0304/A030401/3001647/
冨士乃屋,https://tabelog.com/iwate/A0304/A030401/3000426/
喜福,https://tabelog.com/iwate/A0304/A030401/3003473/
川俣,https://tabelog.com/iwate/A0304/A030401/3000947/
楽菜,https://tabelog.com/iwate/A0304/A030401/3001468/
ホテル近江屋,https://tabelog.com/iwate/A0304/A030401/3007003/
はなや蕎麦たろう,https://tabelog.com/iwate/A0304/A030401/3009301/
鳥庄,https://tabelog.com/iwate/A0304/A030401/3002573/
リストランテＫＡＴＵＹＡＭＡ,https://tabelog.com/iwate/A0304/A030401/3005541/
グリーンピア三陸みやこ,https://tabelog.com/iwate/A0304/A030401/3004565/
魚彩亭すみよし,https://tabelog.com/iwate/A0304/A030401/3000646/
まとい寿し,https://tabelog.com/iwate/A0304/A030401/3001961/
大阪王将 宮古店,https://tabelog.com/iwate/A0304/A030401/3006999/
せとる,https://tabelog.com/iwate/A0305/A030502/3002787/
ファミリーレストランよしの,https://tabelog.com/iwate/C3213/rstLst/
cafe stand oli−oli,http://ninohe-kanko.com/gourmet/19201
食事処竹はる,https://tabelog.com/iwate/A0305/A030502/3001535/
鮨処たけ田,https://tabelog.com/iwate/A0305/A030502/3001953/
金次屋,https://tabelog.com/iwate/A0305/A030502/3001178/
フルハウス,https://tabelog.com/iwate/A0305/A030502/3002882/
串揚げ居酒屋一生,https://tabelog.com/iwate/A0305/A030502/3009724/peripheral_map/
豆七亭,https://tabelog.com/iwate/A0305/A030502/3003009/
ハウスオブピクニック,https://tabelog.com/iwate/A0305/A030502/3005093/
橋本屋食堂／隠れ家キッチンSORA,https://tabelog.com/iwate/A0305/A030502/3005014/
居酒屋瓢,https://tabelog.com/iwate/A0305/A030502/3002290/
小庵 蕎麦店,https://s.tabelog.com/iwate/A0305/A030502/3008386/
福とみ,https://tabelog.com/iwate/A0305/A030502/3002616/
三五郎屋,https://tabelog.com/iwate/A0305/A030502/3000800/
ちっちや食堂,https://tabelog.com/iwate/A0305/A030502/3010520/
食道 荒ヤ,https://tabelog.com/iwate/A0305/A030502/3003594/
Restaurant Bonheur,https://tabelog.com/iwate/A0305/A030502/3001268/
炭火焼 二戸 大吉,https://tabelog.com/iwate/A0305/A030502/3002309/
京星,https://tabelog.com/iwate/A0305/A030502/3004406/
川又食堂,https://tabelog.com/iwate/A0305/A030502/3007866/
AZUMANE倉庫,https://tabelog.com/iwate/A0301/A030103/3010379/
SUNSET,https://tabelog.com/iwate/A0301/A030103/3010737/
はちすずめ菓子店,https://tabelog.com/iwate/A0301/A030103/3009657/
天狗寿司,https://tabelog.com/iwate/A0301/A030103/3000453/
藤屋食堂,https://tabelog.com/iwate/A0301/A030103/3002581/
じゃじゃめん 八番,https://tabelog.com/iwate/A0301/A030103/3009616/
ザ・ベイカー,https://tabelog.com/iwate/A0301/A030103/3009619/
potato deli Mameta,https://tabelog.com/iwate/A0301/A030103/3008642/
あづまね産直,https://tabelog.com/iwate/A0301/A030103/3008827/
紫波マルシェ,https://tabelog.com/iwate/A0301/A030103/3007935/
紫波農園,https://tabelog.com/iwate/A0301/A030103/3006531/
VILLA ROSSO tre 紫波,https://tabelog.com/iwate/A0301/A030103/3005615/
スープカレーハウスしっぽ矢巾店,https://tabelog.com/iwate/A0301/A030103/3008740/
ほっかほっか亭 日詰店,https://tabelog.com/iwate/A0301/A030103/3009930/
中桜飯店,https://tabelog.com/iwate/A0301/A030103/3010975/
レストラン&カフェ ルッシュ,"https://www.google.co.jp/search?q=%E7%B4%AB%E6%B3%A2%E9%83%A1%E7%B4%AB%E6%B3%A2%E7%94%BA+%E3%83%AC%E3%82%B9%E3%83%88%E3%83%A9%E3%83%B3&npsic=0&rflfq=1&rldoc=1&rlha=0&rllag=39555769,141163152,521&tbm=lcl&sa=X&ved=2ahUKEwjjrLi5o4HpAhWTUt4KHYMXA-QQtgN6BAgLEAQ"
4832 The SUGAR,https://tabelog.com/iwate/A0301/A030103/3010231/
kurumi apartment,https://tabelog.com/iwate/A0301/A030103/3000910/
888 Yummy!,https://tabelog.com/iwate/A0301/A030103/3010560/
スープカレーハウスしっぽ,https://tabelog.com/iwate/A0302/A030201/3006516/
